host,cpu,cores,mem,k,paired_us_mean,paired_us_ci95,index_us_mean,index_us_ci95,mask_us_mean,mask_us_ci95,speedup_idx_mean,speedup_mask_mean
Mohammads-MacBook-Air-2112.local_20250912_212451Z,Apple M3,8,24.0 GB,16,54.511132960518204,2.4583611023629772,152.29439983765283,30.156766924562604,127.26946539866427,6.598841339913507,2.793821950975738,2.3347426202064834
Mohammads-MacBook-Air-2112.local_20250912_212451Z,Apple M3,8,24.0 GB,64,75.63060013732563,8.442355733624858,100.75286748663832,11.239098040335522,143.2444667443633,17.18615326222217,1.3321706730304552,1.894001455551964
