N,hidden_dim,up_cols,gate_cols,m,k,paired_us,rebuild_us,speedup,min_bytes_moved
4096,512,512,0,512,16,36.78330103866756,428.6166004021652,11.652477844541258,32768
4096,512,512,0,512,64,75.14589960919693,274.1250005783513,3.6479036381753795,131072
