N,hidden_dim,up_cols,gate_cols,m,batch,steps,paired_ms_per_step,rebuild_ms_per_step,speedup,hybrid_ms_per_step,hybrid_speedup,avg_k,device,sticky_beta,hybrid_tau
8192,1024,1024,0,512,8,20,0.596538,1.070908,1.795207,0.997473,1.073622,298.000000,cpu,0.900,0.600
8192,1024,1024,0,512,16,20,0.511435,1.159792,2.267719,0.977981,1.185904,342.800000,cpu,0.900,0.600
8192,1024,1024,0,1024,8,20,0.899794,1.370588,1.523224,1.695273,0.808476,506.800000,cpu,0.900,0.600
8192,1024,1024,0,1024,16,20,0.758069,1.435369,1.893454,1.351869,1.061766,547.600000,cpu,0.900,0.600
8192,1024,1024,0,2048,8,20,1.338908,2.374125,1.773180,1.806750,1.314031,733.700000,cpu,0.900,0.600
8192,1024,1024,0,2048,16,20,1.203362,2.338067,1.942945,1.900565,1.230196,757.500000,cpu,0.900,0.600
