k,paired_us_mean,paired_us_sd,paired_us_ci95,index_us_mean,index_us_sd,index_us_ci95,mask_us_mean,mask_us_sd,mask_us_ci95,speedup_idx_mean,speedup_mask_mean
16,91.55829999751101,11.087322901129646,12.546486968656627,306.15560002236936,28.49917337009139,32.249850617132,370.2916665740001,147.7985004383606,167.2497478672646,3.343832290799328,4.044326582997569
64,94.92776637974505,7.797889105450196,8.824142213319341,252.69443285651505,23.55848043232982,26.658930237836138,256.1777995045607,43.44303286969798,49.16041957459842,2.6619654342823873,2.698660352754512
256,145.4597334183442,20.090283092815476,22.734295489396295,258.6402663534197,27.88578802657029,31.55573975846219,252.13333380330974,16.16330326427594,18.29049948162161,1.7780884116538749,1.7333548458951922
